date,Infobae,Clarín,Crónica,El Cohete a la Luna,Ámbito,isPartial
2004-01-01,8,2,0,0,0,False
2004-02-01,8,2,2,0,0,False
2004-03-01,8,2,1,0,0,False
2004-04-01,9,2,1,0,0,False
2004-05-01,11,2,0,0,0,False
2004-06-01,12,2,1,0,0,False
2004-07-01,13,2,1,0,0,False
2004-08-01,14,3,0,0,0,False
2004-09-01,13,2,1,0,0,False
2004-10-01,14,3,1,0,0,False
2004-11-01,15,2,1,0,0,False
2004-12-01,17,2,1,0,0,False
2005-01-01,18,2,1,0,0,False
2005-02-01,19,2,1,0,0,False
2005-03-01,17,3,0,0,0,False
2005-04-01,21,2,1,0,0,False
2005-05-01,17,3,0,0,0,False
2005-06-01,21,3,0,0,0,False
2005-07-01,21,2,1,0,0,False
2005-08-01,20,2,1,0,0,False
2005-09-01,22,3,1,0,0,False
2005-10-01,22,2,1,0,0,False
2005-11-01,26,2,0,0,0,False
2005-12-01,26,2,0,0,0,False
2006-01-01,25,2,0,0,0,False
2006-02-01,26,3,1,0,0,False
2006-03-01,28,2,1,0,0,False
2006-04-01,27,2,0,0,0,False
2006-05-01,29,3,0,0,0,False
2006-06-01,31,3,0,0,0,False
2006-07-01,30,2,1,0,0,False
2006-08-01,30,2,0,0,0,False
2006-09-01,33,2,0,0,0,False
2006-10-01,32,2,1,0,0,False
2006-11-01,32,2,1,0,0,False
2006-12-01,34,2,0,0,0,False
2007-01-01,36,2,0,0,0,False
2007-02-01,36,2,0,0,0,False
2007-03-01,37,2,0,0,0,False
2007-04-01,39,2,1,0,0,False
2007-05-01,41,2,1,0,0,False
2007-06-01,42,2,0,0,0,False
2007-07-01,44,2,0,0,0,False
2007-08-01,41,2,1,0,0,False
2007-09-01,42,2,0,0,0,False
2007-10-01,44,2,0,0,0,False
2007-11-01,46,2,0,0,0,False
2007-12-01,46,2,0,0,0,False
2008-01-01,49,1,0,0,0,False
2008-02-01,46,2,0,0,0,False
2008-03-01,50,2,0,0,0,False
2008-04-01,46,2,0,0,0,False
2008-05-01,48,1,0,0,0,False
2008-06-01,54,2,0,0,0,False
2008-07-01,53,2,0,0,0,False
2008-08-01,48,2,0,0,0,False
2008-09-01,48,2,0,0,0,False
2008-10-01,53,2,0,0,0,False
2008-11-01,49,2,0,0,0,False
2008-12-01,51,2,0,0,0,False
2009-01-01,48,1,0,0,0,False
2009-02-01,48,1,0,0,0,False
2009-03-01,47,1,0,0,0,False
2009-04-01,45,1,0,0,0,False
2009-05-01,44,1,0,0,0,False
2009-06-01,53,1,0,0,0,False
2009-07-01,50,1,0,0,0,False
2009-08-01,44,1,0,0,0,False
2009-09-01,45,1,0,0,0,False
2009-10-01,43,1,0,0,0,False
2009-11-01,47,1,0,0,0,False
2009-12-01,46,1,0,0,0,False
2010-01-01,50,1,0,0,0,False
2010-02-01,49,1,0,0,0,False
2010-03-01,48,1,0,0,0,False
2010-04-01,48,1,0,0,0,False
2010-05-01,46,1,0,0,0,False
2010-06-01,50,1,0,0,0,False
2010-07-01,47,1,0,0,0,False
2010-08-01,45,1,0,0,0,False
2010-09-01,49,1,0,0,0,False
2010-10-01,50,1,0,0,0,False
2010-11-01,47,1,0,0,0,False
2010-12-01,51,1,0,0,0,False
2011-01-01,42,1,0,0,0,False
2011-02-01,38,1,0,0,0,False
2011-03-01,42,1,0,0,0,False
2011-04-01,40,1,0,0,0,False
2011-05-01,40,1,0,0,0,False
2011-06-01,43,1,0,0,0,False
2011-07-01,42,1,0,0,0,False
2011-08-01,43,1,0,0,0,False
2011-09-01,47,1,0,0,0,False
2011-10-01,48,1,0,0,0,False
2011-11-01,51,1,0,0,0,False
2011-12-01,53,1,0,0,0,False
2012-01-01,56,1,0,0,0,False
2012-02-01,58,1,1,0,0,False
2012-03-01,59,1,0,0,0,False
2012-04-01,55,1,0,0,0,False
2012-05-01,55,1,0,0,0,False
2012-06-01,61,1,0,0,0,False
2012-07-01,56,1,0,0,0,False
2012-08-01,58,1,0,0,0,False
2012-09-01,57,1,0,0,0,False
2012-10-01,64,1,0,0,0,False
2012-11-01,66,1,0,0,0,False
2012-12-01,69,1,0,0,0,False
2013-01-01,66,1,0,0,0,False
2013-02-01,61,1,0,0,0,False
2013-03-01,65,1,0,0,0,False
2013-04-01,68,1,0,0,0,False
2013-05-01,65,1,0,0,0,False
2013-06-01,65,1,0,0,0,False
2013-07-01,63,1,0,0,0,False
2013-08-01,64,1,0,0,0,False
2013-09-01,57,1,0,0,0,False
2013-10-01,58,1,1,0,0,False
2013-11-01,56,1,0,0,0,False
2013-12-01,61,1,0,0,0,False
2014-01-01,64,1,0,0,0,False
2014-02-01,60,1,0,0,0,False
2014-03-01,61,1,0,0,0,False
2014-04-01,59,1,0,0,0,False
2014-05-01,59,1,0,0,0,False
2014-06-01,65,1,0,0,0,False
2014-07-01,71,1,0,0,0,False
2014-08-01,68,1,0,0,0,False
2014-09-01,69,1,0,0,0,False
2014-10-01,69,1,0,0,0,False
2014-11-01,67,1,0,0,0,False
2014-12-01,66,1,0,0,0,False
2015-01-01,73,2,0,0,0,False
2015-02-01,69,2,0,0,0,False
2015-03-01,69,1,0,0,0,False
2015-04-01,65,1,0,0,0,False
2015-05-01,68,1,0,0,0,False
2015-06-01,71,1,0,0,0,False
2015-07-01,66,1,0,0,0,False
2015-08-01,68,2,0,0,0,False
2015-09-01,65,2,0,0,0,False
2015-10-01,69,2,0,0,0,False
2015-11-01,78,2,0,0,0,False
2015-12-01,88,2,0,0,0,False
2016-01-01,73,2,0,0,0,False
2016-02-01,64,2,0,0,0,False
2016-03-01,63,2,0,0,0,False
2016-04-01,68,2,0,0,0,False
2016-05-01,63,2,0,0,0,False
2016-06-01,61,2,0,0,0,False
2016-07-01,58,2,0,0,0,False
2016-08-01,57,2,0,0,0,False
2016-09-01,54,2,0,0,0,False
2016-10-01,52,2,0,0,0,False
2016-11-01,55,2,0,0,0,False
2016-12-01,59,2,0,0,0,False
2017-01-01,58,3,0,0,0,False
2017-02-01,57,3,0,0,0,False
2017-03-01,61,3,0,0,0,False
2017-04-01,62,3,0,0,0,False
2017-05-01,62,2,0,0,0,False
2017-06-01,63,2,0,0,0,False
2017-07-01,63,2,0,0,0,False
2017-08-01,71,2,0,0,0,False
2017-09-01,74,2,0,0,0,False
2017-10-01,70,3,0,0,0,False
2017-11-01,75,3,0,0,0,False
2017-12-01,78,3,0,0,0,False
2018-01-01,70,3,0,0,0,False
2018-02-01,71,3,0,0,0,False
2018-03-01,66,2,0,0,0,False
2018-04-01,65,2,0,0,0,False
2018-05-01,71,2,0,0,0,False
2018-06-01,75,2,0,0,0,False
2018-07-01,67,2,0,0,0,False
2018-08-01,75,2,0,0,0,False
2018-09-01,77,2,0,0,0,False
2018-10-01,69,2,1,0,0,False
2018-11-01,79,2,1,0,0,False
2018-12-01,77,2,1,0,0,False
2019-01-01,77,2,1,0,0,False
2019-02-01,76,2,1,0,0,False
2019-03-01,76,2,1,0,0,False
2019-04-01,73,2,1,0,0,False
2019-05-01,74,2,1,0,0,False
2019-06-01,73,2,1,0,0,False
2019-07-01,66,2,1,0,0,False
2019-08-01,83,2,1,0,0,False
2019-09-01,73,2,1,0,0,False
2019-10-01,76,3,1,0,0,False
2019-11-01,66,2,1,0,0,False
2019-12-01,74,3,1,0,0,False
2020-01-01,76,3,1,0,0,False
2020-02-01,72,3,1,0,0,False
2020-03-01,100,4,1,0,0,False
2020-04-01,77,3,1,0,1,False
2020-05-01,68,3,1,0,1,False
2020-06-01,69,3,1,0,1,False
2020-07-01,67,3,1,0,1,False
2020-08-01,64,3,1,0,1,False
2020-09-01,65,3,1,0,1,False
2020-10-01,66,3,1,0,1,True
